video url,title,channel,num_view,post_time
https://www.youtube.com/watch?v=a-4nFwNhFBk,"H√† Nhi khi·∫øn c·∫£ Tr∆∞·ªùng quay ch·∫øt l·∫∑ng khi live Hit "" V·∫´n Nh·ªõ "" c·ªßa Tu·∫•n H∆∞ng",Thanh √Çm B√™n Th√¥ng,494K views,3 weeks ago
https://www.youtube.com/watch?v=UctdkV0h0vo,Nh·∫°c Chill Us Uk - T·ªïng H·ª£p Nh·ªØng B√†i Nh·∫°c Chill Hay Nh·∫•t TikTok - Lofi Acoustic Ti·∫øng Anh,Cloud Mood,133K views,1 month ago
https://www.youtube.com/watch?v=aIXGM_TtyX0,Ng√†y H√¥m ·∫§y Em Bu√¥ng Tay Anh V√¨ L√Ω Do G√¨ Remix TikTok - L√Ω Do L√† G√¨ Remix ‚ô´ S·ª± Th·∫≠t ƒê√£ B·ªè Qu√™n Remix,Nh·∫°c Remix,541K views,6 months ago
https://www.youtube.com/watch?v=BKPog4IypqU,"D√π Hai Ta Gi√† ƒêi V√† D√π Hai Ta Gi√† ƒêi... L√† Anh, Thuy·ªÅn Quy√™n | Top 20 B√†i Nh·∫°c Tr·∫ª Hot TikTok 2023",B·∫£n Nh·∫°c Bu·ªìn,5.6M views,3 months ago
,,,,
https://www.youtube.com/watch?v=QOHOp_Aph68,"I'm Good (Blue), Let Her Go ‚ô´ Pop Songs 2023 ‚ô´ Top English Songs Cover Of Popular TikTok Songs",Sunset Mood,147K views,1 month ago
https://www.youtube.com/watch?v=eQuhS0jmeUI,Top 20 B·∫£n Nh·∫°c Nghe Nhi·ªÅu Nh·∫•t 2023 ‚ô´ BXH Nh·∫°c Tr·∫ª Remix Hot TikTok - Nh·∫°c Remix Hot TikTok 2023,Shay Em,1.7M views,2 months ago
https://www.youtube.com/watch?v=DP1SxUAbC0c,Nh·∫°c Chill Nh·∫π Nh√†ng 2023 - Lofi Chill G√¢y Nghi·ªán Hot Nh·∫•t - Nh·ªØng B·∫£n Lofi Vi·ªát Nh·∫π Nh√†ng C·ª±c ƒê·ªânh,H·∫° Sang,360K views,1 month ago
https://www.youtube.com/watch?v=g_7xdT5TRm0,"TOP HIT 8X, 9X ƒë·ªùi ƒë·∫ßu s·∫Ω KH√îNG TH·ªÇ N√ÄO QU√äN ƒë∆∞·ª£c nh·ªØng ca kh√∫c tuy·ªát v·ªùi | Li√™n kh√∫c Ballad 2023",The Bros Entertainment,216K views,1 month ago
https://www.youtube.com/watch?v=0wbktJULiFw,"Th·ªùi Kh√¥ng Sai L·ªách , Y·∫øn V√¥ Hi·∫øt ,  Top 15 B·∫£n Nh·∫°c Tik Tok Trung Qu·ªëc G√¢y Nghi·ªán , H·∫£i KT",Nguy·ªÖn C√¥ng H·∫£i,753K views,1 month ago
https://www.youtube.com/watch?v=IsU7wh8bApk,"Nh·∫°c Speed Up Lofi Bu·ªìn v·ª´a chill v·ª´a cute :3 ~ Chuy·ªán ƒë√¥i ta, S√†i g√≤n h√¥m nay m∆∞a | embes",em bes,61K views,10 days ago
https://www.youtube.com/watch?v=iAkco2Bsaxg,The One That Got Away ‚ô´ English Sad Songs Playlist ‚ô´ Acoustic Cover Of Popular TikTok Songs,Sunset Mood,341K views,3 months ago
https://www.youtube.com/watch?v=bsoP5D8xzss,Nh·∫°c Chill TikTok | Mong em h·∫°nh ph√∫c n·ª≠a ƒë·ªùi v·ªÅ sau...Ng√†y Em ƒê·∫πp Nh·∫•t Lofi | Lofi G√¢y Nghi·ªán 2023,Em Suy,153K views,3 weeks ago
https://www.youtube.com/watch?v=5EKrIQuRMEw,SAO TR·ªúI L√ÄM GI√ì - NAL | OFFICIAL MUSIC VIDEO 4K,Nal Official,12M views,4 weeks ago
https://www.youtube.com/watch?v=6WZ67f9M3RE,Luxurious piano music in a modern cafe l GRASS COTTON+,GRASS COTTON Í∑∏ÎûòÏä§ÏΩîÌäº,3.4M views,8 months ago
https://www.youtube.com/watch?v=RsSASOk-3ks,Ng√†y Mai Ng∆∞·ªùi Ta L·∫•y Ch·ªìng Ph·ªë Hoa L·ªá B∆∞·ªõc Qua Tu·ªïi ƒêau L√≤ng | 20 B√†i H√°t Nh·∫°c Tr·∫ª Hay Nh·∫•t 2023,Nh·∫°c Tr·∫ª Ch·ªçn L·ªçc,328K views,2 months ago
https://www.youtube.com/watch?v=Sx4xVyXHl60,[Ghibli Music Collection 2023] üåà Best Ghibli Piano Collection üçâ BGM for work/relax/study,Relaxing Ghibli Piano,1.4M views,2 months ago
https://www.youtube.com/watch?v=jGlLZHMF6wA,"KH·ªûI MY Mini Show M·ªõi Nh·∫•t - Li√™n Kh√∫c HIT KH·ª¶NG X∆ØA ""Ng∆∞·ªùi Y√™u C≈©, V√¨ Sao, Qu√™n, D·ªÖ Th∆∞∆°ng""",Lululola Show,2.2M views,3 weeks ago
https://www.youtube.com/watch?v=M6m-4jNplGQ,Nh·∫°c Chill Nh·∫π Nh√†ng 2023 - Lofi Chill G√¢y Nghi·ªán Hot Nh·∫•t - Nh·ªØng B·∫£n Lofi Vi·ªát Nh·∫π Nh√†ng C·ª±c ƒê·ªânh,H·∫° Sang,172K views,1 month ago
https://www.youtube.com/watch?v=tgfX1djuXMI,Thanh Xu√¢n C·ªßa Ng∆∞·ªùi Anh Y√™u...Em L√† K·∫ª ƒê√°ng Th∆∞∆°ng Lofi ‚ô¨ Nh·∫°c Lofi Chill G√¢y Nghi·ªán Hay Nh·∫•t 2023,L∆∞u Ni√™n,85K views,7 days ago
https://www.youtube.com/watch?v=pzAQXPBma7Q,Tr·ªçn b·ªô full playlist C·ª´u B√¥ng - Kh·ªüi My t·∫°i THE MASKED SINGER M√ôA 2 | t·ªïng h·ª£p nh·∫°c LiveStage,VieBeauty,846K views,2 weeks ago
https://www.youtube.com/watch?v=Cyrf1oUXaLs,1 HOUR | Sao Tr·ªùi L√†m Gi√≥ - Nal | Sao Tr·ªùi L√†m Gi√≥ ƒê·∫©y Con Thuy·ªÅn Sang B·∫øn Ng∆∞·ªùi Ta...,CT Media,447K views,3 weeks ago
https://www.youtube.com/watch?v=s7wlSXxPZ1E,1 HOUR | Tr∆∞·ªõc Khi Em T·ªìn T·∫°i - Th·∫Øng. | Vi·ªát Anh Cover | Ng√†y em t·ªõi s·ª©c s·ªëng c·ª© trong anh nh·∫π n√¢ng,Tr·∫°m C·∫£m X√∫c,352K views,1 month ago
https://www.youtube.com/watch?v=h6VAQUws040,[ PLAYLIST  -  8D ] Chill c√πng nh·ªØng b·∫£n nh·∫°c c·ª±c hay c·ªßa Son Tung M-TP  | NguyenPM,Nguy√™n PM SD ?yer - 1608,883K views,2 months ago
https://www.youtube.com/watch?v=vnXvYy_GIGI,M-TP |  Tuy·ªÉn t·∫≠p c√°c ca kh√∫c S∆°n T√πng | His Music Journey,S∆°n T√πng M-TP Official,14M views,7 years ago
https://www.youtube.com/watch?v=xHOqEvceCxs,NONSTOP 2023 MIXTAPE | NH·∫†C TR·∫∫ REMIX 2023 HAY NH·∫§T HI·ªÜN NAY | NONSTOP 2023 VINAHOUSE BASS C·ª∞C M·∫†NH,Vi·ªát Mix TV,4.1M views,8 months ago
https://www.youtube.com/watch?v=5OR_3Xulm3w,Ng√†y Mai Ng∆∞·ªùi Ta L·∫•y Ch·ªìng (Th√†nh ƒê·∫°t) - Voi B·∫£n ƒê√¥n tr√¨nh di·ªÖn | The Masked Singer Vietnam 2023,Vie Channel - MUSIC,8.7M views,1 month ago
https://www.youtube.com/watch?v=ZYfEhw1rYos,"T√¨nh L·ª° C√°ch Xa, N·ª• H·ªìng Mong Manh (Lofi ver) - Tr·ªùi m∆∞a tu√¥n ngo√†i ƒë√™m v·∫Øng nh·ªõ anh . Nh·∫°c X∆∞a Lofi",T√¨nh Kh√∫c X∆∞a,1.2M views,3 months ago
https://www.youtube.com/watch?v=q3kEZB5TjwI,Nh·∫°c Baroque Gi√∫p B·∫°n T·∫≠p Trung H·ªçc T·∫≠p V√† L√†m Vi·ªác - Nh·∫°c Lofi Chill Kh√¥ng L·ªùi Th∆∞ Gi√£n Nh·∫π Nh√†ng,Study With Me,3.3M views,1 year ago
https://www.youtube.com/watch?v=kefG4skMVko,PH√ÅP S∆Ø VI·ªÜT NAM REMIX -VIOLIN REMIX - TINH V·ªÜ x BIRTHDAY SEX x TAM B√ÅI H·ªíNG TR·∫¶N L∆Ø∆†NG REMIX TIKTOK,Ph√°p S∆∞ Vi·ªát Nam Remix,56K views,5 days ago
https://www.youtube.com/watch?v=Isc1PZTPJ8I,[ Nh·∫°c Trung ] | t·ªïng h·ª£p 5 b√†i h√°t t·∫°o th√™m s·ª©c m·∫°nh gi√∫p b·∫°n th·ª±c hi·ªán ∆∞·ªõc m∆° | #nh·∫°ctrungqu·ªëc,ZuoHang 2205,697K views,2 months ago
https://www.youtube.com/watch?v=VH_6FSVGqOU,"Nh·∫°c Speed Up Lofi N√†y D√†nh Cho Ng√†y Suy :(( ~ N·∫øu ng√†y ·∫•y, ch·ªù ƒë·ª£i c√≥ ƒë√°ng s·ª£ | embes",em bes,420K views,4 weeks ago
https://www.youtube.com/watch?v=Ls9mj96j1ok,"Best Soft Rock Love Songs - Rod Stewart, Elton John, Michael Bolton, Air Supply, Dan Hill, Bee Gees",Golden Rock Music,1.4K views,10 hours ago
https://www.youtube.com/watch?v=0rGmOKeX9hc,Ng∆∞·ªùi B√™n G·ªëi Ng∆∞·ªùi Trong Tim ‚ô´NGHE L√Ä NGHI·ªÜN | Top 20 B√†i H√°t Tri·ªáu View C·ªßa Ng√¢n Ng√¢nCover,Ballad 1995,2.3M views,1 month ago
https://www.youtube.com/watch?v=C9sGDFV7TbQ,Nh·∫°c Tr·∫ª 8x 9x Hay Nh·∫•t | 20 B·∫¢N HITS B·∫§T H·ª¶ D√ÄNH CHO TH·∫æ H·ªÜ 8X 9X ƒê·ªúI ƒê·∫¶U,NGUY·ªÑN VƒÇN CHUNG MUSIC,3.1M views,4 years ago
https://www.youtube.com/watch?v=r9e1QZhs2Vw,Calmly and comfortably today l GRASS COTTON+,GRASS COTTON Í∑∏ÎûòÏä§ÏΩîÌäº,1.9M views,8 months ago
https://www.youtube.com/watch?v=0yOFR-QgK18,Nh·∫°c Baroque Gi√∫p B·∫°n T·∫≠p Trung H·ªçc T·∫≠p V√† L√†m Vi·ªác - Nh·∫°c Lofi Chill Kh√¥ng L·ªùi Th∆∞ Gi√£n Nh·∫π Nh√†ng,Study With Me,58K views,3 days ago
https://www.youtube.com/watch?v=WNV57EvVRvA,TOP 50 B√ÄI H√ÅT NH·∫†C TR·∫∫ X∆ØA 8X 9X HAY NH·∫§T HI·ªÜN NAY - NH·ªÆNG B·∫¢N ACOUSTIC COVER HAY NH·∫§T M·ªåI TH·ªúI ƒê·∫†I,NGUY·ªÑN VƒÇN CHUNG MUSIC,1.3M views,11 months ago
https://www.youtube.com/watch?v=zkLMpgxd_Vo,Playlist speed up chill y√™u ƒë·ªùi cuti cho c·∫≠u h·ªçc b√†i | Con M√®o B√©o,con m√®o b√©o,25K views,3 days ago
https://www.youtube.com/watch?v=IAg7J_-p55k,Em C√≥ Quay V·ªÅ ƒê∆∞·ª£c Kh√¥ng - C√≥ Ai H·∫πn H√≤ C√πng Em Ch∆∞a Remix - Nh·∫°c Hot TikTok Hi·ªán Nay,Shay Em,121K views,3 weeks ago
https://www.youtube.com/watch?v=WfI3o2tfW90,"LK Sao Tr·ªùi L√†m Gi√≥, Dang D·ªü, Sao Tr·ªùi L√†m Gi√≥ ƒê·∫©y Con Thuy·ªÅn Sang B·∫øn Ng∆∞·ªùi Ta | Lk H·ªí PHI NAL 2023",CT Media,491K views,2 weeks ago
https://www.youtube.com/watch?v=3SKPkPnaKQY,Nh·∫°c Chill Nh·∫π Nh√†ng 2023 - Lofi Chill G√¢y Nghi·ªán Hot Nh·∫•t - Nh·ªØng B·∫£n Lofi Vi·ªát Nh·∫π Nh√†ng C·ª±c ƒê·ªânh,H·∫° Sang,463K views,1 month ago
https://www.youtube.com/watch?v=4jHgJa2dSsA,T√åNH TA HAI NG√É REMIX HOT TIKTOK - T·∫†I SAO ANH C√íN TH∆Ø∆†NG EM M√ÉI REMIX HOT TIKTOK - HOA C·ªé LAU REMIX,Vi·ªát Mix TV,38K views,4 days ago
https://www.youtube.com/watch?v=3XigtVyd3t0,Soft English Acoustic Love Songs Cover Playlist 2023 ‚ù§Ô∏è Soft Acoustic Cover Of Popular Love Songs,Trendy Black,2M views,2 months ago
https://www.youtube.com/watch?v=n9rLzrrTZ_0,C√ÅNH H·ªíNG PHAI ‚ô´ Tuy·ªÉn T·∫≠p 30 Ca Kh√∫c Ng√¢n Ng√¢n COVER Tri·ªáu View G√¢y B√£o C√°c B·∫£ng X·∫øp H·∫°ng,Nh·∫°c Tr·∫ª Ballad,397K views,2 months ago
https://www.youtube.com/watch?v=APHtggIggvg,Nh·∫°c Chill Nh·∫π Nh√†ng 2023 - Lofi Chill G√¢y Nghi·ªán Hot Nh·∫•t - Nh·ªØng B·∫£n Lofi Vi·ªát Nh·∫π Nh√†ng C·ª±c ƒê·ªânh,H·∫° Sang,606K views,2 months ago
https://www.youtube.com/watch?v=YqPyCKzBxhk,Nh·∫°c Chill Nh·∫π Nh√†ng 2023 - Lofi Chill G√¢y Nghi·ªán Hot Nh·∫•t - Nh·ªØng B·∫£n Lofi Vi·ªát Nh·∫π Nh√†ng C·ª±c ƒê·ªânh,H·∫° Sang,473K views,4 weeks ago
https://www.youtube.com/watch?v=afRIOp4Ew8Q,Nh·∫°c Lofi 2023 - Nh·ªØng B·∫£n Lofi Mix Chill Nh·∫π Nh√†ng C·ª±c Hay - Nh·∫°c Tr·∫ª Lofi G√¢y Nghi·ªán Hot Nh·∫•t 2023,H·∫° Sang,286K views,1 month ago
https://www.youtube.com/watch?v=Yvd9JgRf_Yk,Thanh Xu√¢n C·ªßa Ng∆∞·ªùi Anh Y√™u...Em L√† K·∫ª ƒê√°ng Th∆∞∆°ng Lofi  ‚ô¨ Nh·∫°c Lofi Chill G√¢y Nghi·ªán Hay Nh·∫•t 2023,L∆∞u Ni√™n,113K views,1 month ago
https://www.youtube.com/watch?v=c9RvNQm2-4E,"Nh·∫°c Speed Up Lofi Bu·ªìn n√†y s·∫Ω khi·∫øn c·∫≠u kh√≥c nh√® T~T hiu hiu - Su√Ωt n·ªØa th√¨, N·∫øu ng√†y ·∫•y | embes",em bes,406K views,2 weeks ago
https://www.youtube.com/watch?v=ENLWEV9MoN8,"Lk L√†n Kh√≥i Tr·∫Øng ƒê∆∞a Em V·ªÅ Ph·ªë Hoa L·ªá Ng√†y Mai Ng∆∞·ªùi Ta L·∫•y Ch·ªìng - Khang Vi·ªát, Dickson, Th√†nh ƒê·∫°t",Nh·∫°c Tr·∫ª Hay Nh·∫•t,291K views,3 weeks ago
https://www.youtube.com/watch?v=qyZcNtrb-no,Nh·∫°c Chill Nh·∫π Nh√†ng 2023 - Lofi Chill G√¢y Nghi·ªán Hot Nh·∫•t - Nh·ªØng B·∫£n Lofi Vi·ªát Nh·∫π Nh√†ng C·ª±c ƒê·ªânh,H·∫° Sang,676K views,3 months ago
https://www.youtube.com/watch?v=IPgbCluW2tw,Playlist Nh·∫°c Lofi Bu·ªìn Speed Up Chill n√†y n√≥i chung l√† bu·ªìn | Minme,Minme,580K views,3 months ago
https://www.youtube.com/watch?v=mbQa2VWcFiI,2 Hours Of Ghibli Healing And Relaxation üåé Summer Ghibli BGM ‚õÖ Studio Ghibli Music,Ghibli Music,368K views,2 months ago
https://www.youtube.com/watch?v=0zU1slTHgJk,[playlist speed up] m·ªôt chi·∫øc m√®o chill | Con M√®o B√©o,con m√®o b√©o,89K views,1 month ago
https://www.youtube.com/watch?v=df_tgf9qc9c,[playlist speed up] 3 ti·∫øng th∆∞ gi√£n ƒë·∫ßu tu·∫ßn | Con M√®o B√©o,con m√®o b√©o,150K views,1 month ago
https://www.youtube.com/watch?v=KdbBnX_Kfts,EDM TikTok Hay 2023 ‚ô´ BXH Nh·∫°c Tr·∫ª Remix Hay Nh·∫•t Hi·ªán Nay - Top 15 B·∫£n EDM TikTok M·ªõi Nh·∫•t 2023,Min Xinh,271K views,10 days ago
https://www.youtube.com/watch?v=mvQHqxmdYV0,"2 Hours Of Ghibli Summer üé® Ghibli Piano BGM For Work, Study And Relax",Ghibli Music,3.1M views,3 months ago
https://www.youtube.com/watch?v=npddsD4GhVc,"NONSTOP VIETMIX 2023 - Y√äU AI C≈®NG SAI REMIX , XIN L·ªñII V√å ƒê√É XU·∫§T HI·ªÜN REMIX - FULL SET REMIX HAY",PAYLAK,30K views,3 weeks ago
https://www.youtube.com/watch?v=MojKXQT15RY,"Nh·∫°c Lofi Speed Up bu·ªìn v√† chill ƒë·ªÉ h·ªçc b√†i c·ª±c hi·ªáu qu·∫£ ~ N·∫øu ng√†y ·∫•y, Ph·ªë kh√¥ng m√†u | Embes",em bes,63K views,1 month ago
https://www.youtube.com/watch?v=qslT-yj9Oy8,2 Hours Of Ghibli Music üìó BGM Relaxing Ghibli Playlist All Time,Ghibli Music,1M views,2 months ago
https://www.youtube.com/watch?v=O_0F8PsizQE,VINAHOUSE TIKTOK 2023 - VIOLIN REMIX - VIOLIN MASHUP 2024 - TINH V·ªÜ x TAM B√ÅI H·ªíNG TR·∫¶N L∆Ø∆†NG,Ph√°p S∆∞ Vi·ªát Nam Remix,58K views,2 weeks ago
https://www.youtube.com/watch?v=GwIBD6b21n8,EDM TikTok Remix 2023 ‚ô´ Nh·∫°c Tr·∫ª Remix 2023 Hay Nh·∫•t Hi·ªán Nay - Top 20 B·∫£n EDM TikTok M·ªõi Nh·∫•t 2023,Tung Tung,266K views,1 month ago
https://www.youtube.com/watch?v=SZACoHpApeY,R·ªìi M√¨nh S·∫Ω H·∫°nh Ph√∫c Remix - T·ª´ Nay M√¨nh S·∫Ω C·ªë G·∫Øng ƒê·ªÉ B∆∞·ªõc Qua Bao ThƒÉng Tr·∫ßm Remix TikTok,Air Remix,324K views,1 month ago
https://www.youtube.com/watch?v=WJPXfgalDk4,"ALBUM BALLAD XU·∫§T S·∫ÆC NH·∫§T 2023 - NG√ÇN NG√ÇN COVER TRI·ªÜU VIEW ‚ô´ PHAI D·∫§U CU·ªòC T√åNH,‚Ä¶",Album Ballad,392K views,1 month ago
https://www.youtube.com/watch?v=1B-v6vKhulM,Mashup 8x 9x 2023 - Mashup Vpop Hay Nh·∫•t M·ªçi Th·ªùi ƒê·∫°i - Mashup 2022 Nh·∫°c Tr·∫ª Top 100 TikTok Hay Nh·∫•t,ZuongZero Studio,675K views,4 months ago
https://www.youtube.com/watch?v=GJhH9E5ZeF8,[playlist speed up] list nh·∫°c h·ªçc b√†i c·ª±c t·∫≠p trung | Con M√®o B√©o,con m√®o b√©o,239K views,1 month ago
https://www.youtube.com/watch?v=Czs8hTDNZ6U,"Cu·ªëi C√πng Th√¨ M√¨nh G·ªçi Nhau L√† G√¨ | T·∫•t C·∫£ Ho·∫∑c Kh√¥ng L√† G√¨ C·∫£, Ph·ªë Hoa L·ªá | Lk Nh·∫°c Tr·∫ª Chill 2023",Nh·∫°c Tr·∫ª Ch·ªçn L·ªçc,120K views,9 days ago
https://www.youtube.com/watch?v=E3UHyD6pxHA,"Anh ƒê√£ T·ª´ B·ªè R·ªìi ƒê·∫•y, H·∫πn Em ·ªû L·∫ßn Y√™u Th·ª© 2 - TOP 20 B√†i H√°t Nh·∫°c Tr·∫ª Tri·ªáu View Hay Nh·∫•t 2023",Top Hits Vi·ªát,37K views,1 month ago
https://www.youtube.com/watch?v=mHidIdnZyIw,PH√ÅP S∆Ø VI·ªÜT NAM REMIX 2023 - VIOLIN REMIX - TINH V·ªÜ x  TAM B√ÅI H·ªíNG TR·∫¶N L∆Ø∆†NG x BIRTHDAY SEX REMIX,Ph√°p S∆∞ Vi·ªát Nam Remix,64K views,8 days ago
https://www.youtube.com/watch?v=qmvZf5jRcmk,Si√™u Ph·∫©m Mashup 2024 - Ca Kh√∫c Mashup l·∫•y ƒëi N∆∞·ªõc M·∫Øt c·ªßa H√†ng Tri·ªáu kh√°n gi·∫£ | Minh Anh,ZuongZero Studio,10K views,2 days ago
https://www.youtube.com/watch?v=DfCl8H7QJ7s,Replay top 16 b·∫£n nh·∫°c t·∫°o hit t·∫°i The Masked Singer 2 m√πa | top tri·ªáu view nghe l√† ghi·ªÅn,VieBeauty,276K views,7 days ago
https://www.youtube.com/watch?v=RSphbnvE5N8,"Nhi·ªÅu Khi Ta Mu·ªën T√¨m V·ªÅ Ch·ªën Y√™n B√¨nh | S·∫ßu T∆∞∆°ng T∆∞, Kh√¥ng Tr·ªçn V·∫πn N·ªØa | Ballad Vi·ªát Nh·∫π Nh√†ng",B·∫£n Nh·∫°c Bu·ªìn,1.6M views,6 months ago
https://www.youtube.com/watch?v=eIfJ6Hg_z2A,"Ng∆∞·ªùi B√™n G·ªëi Ng∆∞·ªùi Trong Tim, ƒê√™m Lao Xao‚ô´NGHE L√Ä NGHI·ªÜN | Top 20 B√†i H√°t Tri·ªáu View Ng√¢n Ng√¢nCover",Ballad 1995,70K views,3 weeks ago
https://www.youtube.com/watch?v=38dwQaQHfIQ,Nghe 1 L·∫ßn B·∫°n S·∫Ω Kh√¥ng H·ªëi H·∫≠n-NG∆Ø·ªúI B√äN G·ªêI NG∆Ø·ªúI TRONG TIM NG√ÇN NG√ÇN COVER 26-8 Nh·∫°c Tr·∫ª Hay Nh·∫•t,Ballad Th·ªãnh H√†nh,102K views,3 weeks ago
https://www.youtube.com/watch?v=vlG2mCkANbM,"Nhi·ªÅu Khi Ta Mu·ªën T√¨m V·ªÅ Ch·ªën Y√™n B√¨nh | S·∫ßu T∆∞∆°ng T∆∞, Ai Chung T√¨nh ƒê∆∞·ª£c M√£i | Nh·∫°c Tr·∫ª Nh·∫π Nh√†ng",X√≠ch Doo,502K views,3 months ago
https://www.youtube.com/watch?v=Fhxfx-KMPNI,"Sao Tr·ªùi L√†m Gi√≥, Dang D·ªü, Sao Tr·ªùi L√†m Gi√≥ ƒê·∫©y Con Thuy·ªÅn... | T·ªïng H·ª£p Nh·∫°c Nal Hot Nh·∫•t Hi·ªán Nay",CT Media,549K views,2 weeks ago
https://www.youtube.com/watch?v=677y_h-YNMc,Mr Siro G∆∞∆°ng M·∫∑t L·∫° L·∫´m - Nh·ªØng Ca Kh√∫c Hay Nh·∫•t C·ªßa Mr Siro 2016,Mr. Siro,23M views,6 years ago
https://www.youtube.com/watch?v=YiXJI417alY,Album Cho Anh Quay V·ªÅ - Tr·ªãnh ƒê√¨nh Quang | Nh·ªØng B√†i H√°t Nh·∫°c Tr·∫ª Hay Nh·∫•t C·ªßa Tr·ªãnh ƒê√¨nh Quang 2023,Tr·ªãnh ƒê√¨nh Quang Official,677K views,9 months ago
https://www.youtube.com/watch?v=c01OXL6DSV8,Liveshow c·ªßa Rapper Dev Nguy·ªÖn & gi·ªçng ca Nhism b·∫•t di·ªát si√™u ch√°y.,QNT,146K views,2 days ago
https://www.youtube.com/watch?v=TrbY0V-1Q2k,Nh·ªØng B√†i H√°t Bolero N·ªïi Ti·∫øng ƒê∆∞·ª£c Th·ªÉ Hi·ªán ƒê·∫ßy C·∫£m X√∫c Qua Gi·ªçng H√°t ƒê·∫∑c Bi·ªát C·ªßa Qu·ª≥nh Nh∆∞ Bolero,ƒê·∫†I NH·∫†C H·ªòI,6.6M views,1 year ago
https://www.youtube.com/watch?v=LMyyYfUghmA,Nh·∫°c X∆∞a Rumba Hay B·∫•t H·ªß | TH∆Ø V·ªÄ EM G√ÅI TH√ÄNH ƒê√î - Lk Nh·∫°c L√≠nh X∆∞a 1975 Hay Hi·∫øm C√≥ V√¥ C√πng,Nh·∫°c X∆∞a Rumba,144K views,1 month ago
https://www.youtube.com/watch?v=T33Qnb225CU,T√åM EM C√ÇU V√ç S√îNG LAM‚ù§Nh·∫°c S·ªëng Th√¥n Qu√™ PH·ªêI M·ªöI TO√ÄN B√ÄI HAY NH·∫§T‚ù§M·ªü Loa H·∫øt C·ª° Ng·ªçt L·ªãm Tim,Nh·∫≠t Nam Nh·∫°c Tr·ªØ T√¨nh,1.2M views,7 months ago
https://www.youtube.com/watch?v=8FQOm-QT4y0,Nh·∫°c Th√°nh Ca Hay Nh·∫•t Hi·ªán Nay 2023 | Xin H√£y Sai Con | Tuy·ªát ƒê·ªânh Th√°nh Ca Tri·ªáu Ng∆∞·ªùi Y√™u Th√≠ch,Tuy·ªát ƒê·ªânh Th√°nh Ca,47K views,2 weeks ago
https://www.youtube.com/watch?v=b4TOd8nXUM0,THUY·ªÄN XA B·∫æN ƒê·ªî -  Ti·∫øng H√°t Bolero H√∫t H·ªìn Ng∆∞·ªùi Nghe L√† C√≥ Th·∫≠t | Album Nh·∫°c Bolero Tuy·ªÉn Ch·ªçn,ƒê·∫†I NH·∫†C H·ªòI,2.9M views,1 year ago
https://www.youtube.com/watch?v=gQTZiytSTPE,Th·∫ßn Ch√∫ ƒê·ªãa T·∫°ng V∆∞∆°ng B·ªì T√°t Ti·∫øng Ph·∫°n | Om Ha Ha Ha Win Sam Mo Ti So Ha | Nguy·ªÖn Th·ªã M√¢y | Mayor,SAHARA M√ÇY NGUY·ªÑN,968K views,10 months ago
https://www.youtube.com/watch?v=yJXHmEhQ0u8,"Nh·∫°c Kh√¥ng L·ªùi Bu·ªïi S√°ng Qu√™n H·∫øt M·ªát M·ªèi ‚û§H√≤a T·∫•u Guitar C·ªï ƒêi·ªÉn, Nh·∫°c Cho Ph√≤ng Tr√†, Qu√°n Cafe",Nh·∫°c Ph√≤ng Tr√† ,781K views,4 months ago
https://www.youtube.com/watch?v=XJ4BorBpoX0,"L·ª° H·∫πn V·ªõi D√≤ng Lam, V·ªÅ X·ª© Ngh·ªá C√πng Anh - Nh·ªØng kh√∫c D√¢n ca x·ª© Ngh·ªá ƒë·∫∑c bi·ªát hay",Lam H·ªìng,1.5M views,8 months ago
https://www.youtube.com/watch?v=G96ix4DkLk0,Reckless Life,Guns N' Roses,1M views,5 years ago
https://www.youtube.com/watch?v=tWTPde64t0I,Liveshow Nh·∫°c V√†ng Gi·ªçng Ca ƒê·ªÉ ƒê·ªùi 87 Nhi·ªÅu Ca Sƒ© - 26 B√†i Nh·∫°c V√†ng ƒê·∫∂C BI·ªÜT Nghe Da Di·∫øt Con Tim,Gi·ªçng Ca ƒê·ªÉ ƒê·ªùi,90K views,1 month ago
https://www.youtube.com/watch?v=WqliTffiozg,Vietnam Idol 2023 - T·∫≠p 11 | Liveshow 2: NƒÉm Sinh & Nh·ªØng Kho·∫£nh Kh·∫Øc ƒê√°ng Nh·ªõ,Vietnam Idol,515K views,5 days ago
https://www.youtube.com/watch?v=Pi_qHN4rEmw,Monster Jam theme songs:Monster Jam 2016 (song 2),monster jam fan,1.5M views,7 years ago
https://www.youtube.com/watch?v=MW5r_jv-lqQ,Li√™n Kh√∫c Rumba H·∫£i Ngo·∫°i X∆∞a G√ÇY NGHI·ªÜN ‚û§Bu·ªïi T·ªëi Th·ª≠ Nghe 999 L·∫ßn ƒê·∫£m B·∫£o B·∫°n S·∫Ω Ng·ªß C·ª±c Ngon Gi·∫•c,Ng·∫´u H·ª©ng Bolero,1.4M views,5 months ago
